{"cameraMode":{"drawMode":0,"name":"Shaded","section":"Shading Mode"},"sceneLighting":false,"audioPlay":false,"sceneViewState":{"showFog":false,"showMaterialUpdate":false,"showSkybox":false,"showFlares":false,"showImageEffects":false,"showParticleSystems":false},"in2DMode":false,"pivot":{"x":-10.419349670410157,"y":1.410193681716919,"z":1.1279553174972535},"rotation":{"x":0.04893123358488083,"y":0.7140680551528931,"z":-0.050260305404663089,"w":0.6966807842254639},"size":0.000057209443184547126,"orthographic":false}