{"cameraMode":{"drawMode":2,"name":"Shaded Wireframe","section":"Shading Mode"},"sceneLighting":false,"audioPlay":false,"sceneViewState":{"showFog":true,"showMaterialUpdate":false,"showSkybox":false,"showFlares":true,"showImageEffects":true,"showParticleSystems":true},"in2DMode":false,"pivot":{"x":-1.3980982303619385,"y":0.36503279209136965,"z":-12.126598358154297},"rotation":{"x":-0.033940333873033527,"y":-0.6967189311981201,"z":0.03306064009666443,"w":-0.715819239616394},"size":1.9020507335662842,"orthographic":false}