{"cameraMode":{"drawMode":0,"name":"Shaded","section":"Shading Mode"},"sceneLighting":false,"audioPlay":false,"sceneViewState":{"showFog":false,"showMaterialUpdate":false,"showSkybox":false,"showFlares":false,"showImageEffects":false,"showParticleSystems":false},"in2DMode":false,"pivot":{"x":0.9541645050048828,"y":5.873266696929932,"z":-1.4830889701843262},"rotation":{"x":-0.321834921836853,"y":-0.5644748210906982,"z":0.25350210070610049,"w":-0.7166394591331482},"size":27.3380126953125,"orthographic":true}