{"cameraMode":{"drawMode":0,"name":"Shaded","section":"Shading Mode"},"sceneLighting":false,"audioPlay":false,"sceneViewState":{"showFog":false,"showMaterialUpdate":false,"showSkybox":false,"showFlares":false,"showImageEffects":false,"showParticleSystems":false},"in2DMode":false,"pivot":{"x":-0.000004740682925330475,"y":0.00003212571027688682,"z":-0.000010274628039042},"rotation":{"x":-0.12207960337400437,"y":0.766278862953186,"z":0.15276598930358888,"w":0.6121708750724793},"size":0.00005715767838410102,"orthographic":false}