{"cameraMode":{"drawMode":0,"name":"Shaded","section":"Shading Mode"},"sceneLighting":false,"audioPlay":false,"sceneViewState":{"showFog":false,"showMaterialUpdate":false,"showSkybox":false,"showFlares":false,"showImageEffects":false,"showParticleSystems":false},"in2DMode":false,"pivot":{"x":1.0441265106201172,"y":6.128149032592773,"z":-1.8837857246398926},"rotation":{"x":-0.321834921836853,"y":-0.5644748210906982,"z":0.25350210070610049,"w":-0.7166394591331482},"size":28.80707359313965,"orthographic":true}