{"cameraMode":{"drawMode":0,"name":"Shaded","section":"Shading Mode"},"sceneLighting":false,"audioPlay":false,"sceneViewState":{"showFog":false,"showMaterialUpdate":false,"showSkybox":false,"showFlares":false,"showImageEffects":false,"showParticleSystems":false},"in2DMode":false,"pivot":{"x":330.8699951171875,"y":35.33700180053711,"z":233.25},"rotation":{"x":0.025924155488610269,"y":-0.7106384634971619,"z":-0.02625158429145813,"w":-0.7026125192642212},"size":16.950571060180665,"orthographic":false}