{"cameraMode":{"drawMode":0,"name":"Shaded","section":"Shading Mode"},"sceneLighting":false,"audioPlay":false,"sceneViewState":{"showFog":false,"showMaterialUpdate":false,"showSkybox":false,"showFlares":false,"showImageEffects":false,"showParticleSystems":false},"in2DMode":false,"pivot":{"x":-4.82220983505249,"y":1.2280194759368897,"z":0.7360504865646362},"rotation":{"x":0.05241312086582184,"y":0.8001977205276489,"z":-0.07080093026161194,"w":0.593382716178894},"size":0.00005715767838410102,"orthographic":false}