{"cameraMode":{"drawMode":0,"name":"Shaded","section":"Shading Mode"},"sceneLighting":false,"audioPlay":false,"sceneViewState":{"showFog":false,"showMaterialUpdate":false,"showSkybox":false,"showFlares":false,"showImageEffects":false,"showParticleSystems":false},"in2DMode":false,"pivot":{"x":0.7004542350769043,"y":5.08897066116333,"z":-2.607232093811035},"rotation":{"x":-0.321834921836853,"y":-0.5644748210906982,"z":0.25350210070610049,"w":-0.7166394591331482},"size":20.03953742980957,"orthographic":true}