{"cameraMode":{"drawMode":2,"name":"Shaded Wireframe","section":"Shading Mode"},"sceneLighting":true,"audioPlay":false,"sceneViewState":{"showFog":true,"showMaterialUpdate":false,"showSkybox":true,"showFlares":true,"showImageEffects":true,"showParticleSystems":true},"in2DMode":false,"pivot":{"x":12.362640380859375,"y":1.698378562927246,"z":20.058921813964845},"rotation":{"x":-0.2998189628124237,"y":-0.3097173869609833,"z":0.10370957106351853,"w":-0.8964330554008484},"size":15.731446266174317,"orthographic":false}