{"cameraMode":{"drawMode":0,"name":"Shaded","section":"Shading Mode"},"sceneLighting":true,"audioPlay":false,"sceneViewState":{"showFog":false,"showMaterialUpdate":false,"showSkybox":false,"showFlares":false,"showImageEffects":false,"showParticleSystems":false},"in2DMode":false,"pivot":{"x":3.81307053565979,"y":96.2992172241211,"z":-33.87545394897461},"rotation":{"x":0.5990700125694275,"y":-0.09529861807823181,"z":0.07199425250291825,"w":0.7917989492416382},"size":1.977022647857666,"orthographic":false}