{"cameraMode":{"drawMode":0,"name":"Shaded","section":"Shading Mode"},"sceneLighting":false,"audioPlay":false,"sceneViewState":{"showFog":false,"showMaterialUpdate":false,"showSkybox":false,"showFlares":false,"showImageEffects":false,"showParticleSystems":false},"in2DMode":false,"pivot":{"x":0.09640073776245117,"y":2.6312499046325685,"z":0.0},"rotation":{"x":0.04862556979060173,"y":0.8302335143089294,"z":-0.07345381379127503,"w":0.5505742430686951},"size":8.020501136779786,"orthographic":false}