{"cameraMode":{"drawMode":0,"name":"Shaded","section":"Shading Mode"},"sceneLighting":false,"audioPlay":false,"sceneViewState":{"showFog":false,"showMaterialUpdate":false,"showSkybox":false,"showFlares":false,"showImageEffects":false,"showParticleSystems":false},"in2DMode":false,"pivot":{"x":-3.9783236980438234,"y":1.7428972721099854,"z":1.2474747896194459},"rotation":{"x":0.04862556979060173,"y":0.8302335143089294,"z":-0.07345381379127503,"w":0.5505742430686951},"size":0.000057183562603313476,"orthographic":false}